{"cameraMode":{"drawMode":0,"name":"Shaded","section":"Shading Mode"},"sceneLighting":false,"audioPlay":false,"sceneViewState":{"m_AlwaysRefresh":false,"showFog":true,"showSkybox":false,"showFlares":true,"showImageEffects":true,"showParticleSystems":true,"showVisualEffectGraphs":true,"m_FxEnabled":true},"in2DMode":false,"pivot":{"x":6.383737564086914,"y":3.7659926414489748,"z":3.7375874519348146},"rotation":{"x":-0.11999110877513886,"y":-0.021742351353168489,"z":0.0026284814812242986,"w":-0.9925341606140137},"size":3.6373071670532228,"orthographic":false}