{"cameraMode":{"drawMode":0,"name":"Shaded","section":"Shading Mode"},"sceneLighting":true,"audioPlay":false,"sceneViewState":{"m_AlwaysRefresh":false,"showFog":true,"showSkybox":true,"showFlares":true,"showImageEffects":true,"showParticleSystems":true,"showVisualEffectGraphs":true,"m_FxEnabled":true},"in2DMode":false,"pivot":{"x":0.09175403416156769,"y":0.447892427444458,"z":0.26032960414886477},"rotation":{"x":-0.1689937561750412,"y":-0.0008893255144357681,"z":0.0001533243339508772,"w":-0.9856167435646057},"size":3.5664753913879396,"orthographic":false}